time,sst_ersst,sst_era5
1940-01-01,27.2745,27.2913
1940-02-01,27.4393,27.8014
1940-03-01,28.1738,28.4495
1940-04-01,27.9688,28.2009
1940-05-01,28.2016,29.5856
1940-06-01,27.8885,29.0156
1940-07-01,27.5062,28.5762
1940-08-01,27.6077,28.2693
1940-09-01,27.3681,27.4225
1940-10-01,27.0215,26.8777
1940-11-01,27.9328,27.7914
1940-12-01,28.4649,27.703
1941-01-01,28.384,28.1286
1941-02-01,28.6927,28.5528
1941-03-01,28.5948,28.8652
1941-04-01,28.5802,29.6985
1941-05-01,28.7281,28.9341
1941-06-01,28.1839,28.7261
1941-07-01,27.6601,28.3294
1941-08-01,27.2634,27.7463
1941-09-01,27.03,27.3984
1941-10-01,27.2753,27.5117
1941-11-01,27.5804,28.1226
1941-12-01,27.5857,27.7838
1942-01-01,27.0319,27.4341
1942-02-01,26.8999,27.2358
1942-03-01,27.4344,27.2016
1942-04-01,27.9075,28.1082
1942-05-01,27.6312,27.6612
1942-06-01,26.9887,27.4687
1942-07-01,25.7833,26.686
1942-08-01,25.0435,25.2773
1942-09-01,24.5706,25.1552
1942-10-01,24.5186,25.3081
1942-11-01,24.4768,24.8555
1942-12-01,24.4608,24.9935
1943-01-01,24.326,25.0047
1943-02-01,24.5857,25.5064
1943-03-01,25.7123,25.52
1943-04-01,26.623,26.6714
1943-05-01,27.1678,27.3241
1943-06-01,27.2306,27.7688
1943-07-01,26.8476,27.213
1943-08-01,26.5389,26.5994
1943-09-01,25.9902,26.419
1943-10-01,25.6957,25.6276
1943-11-01,25.8523,25.6851
1943-12-01,25.86,25.5983
1944-01-01,25.903,25.5924
1944-02-01,26.4722,26.0612
1944-03-01,27.4643,27.4053
1944-04-01,28.0159,27.9143
1944-05-01,27.7916,27.9236
1944-06-01,27.43,27.6618
1944-07-01,27.1578,27.2043
1944-08-01,26.4837,26.69
1944-09-01,25.9765,26.2126
1944-10-01,25.367,26.0089
1944-11-01,25.6324,26.0793
1944-12-01,25.6718,25.9403
1945-01-01,25.6734,25.9151
1945-02-01,25.7954,26.0846
1945-03-01,26.1606,26.3145
1945-04-01,26.682,27.0246
1945-05-01,27.4337,26.9871
1945-06-01,26.3882,28.8017
1945-07-01,26.2289,27.3854
1945-08-01,25.9187,26.1175
1945-09-01,26.0527,26.1043
1945-10-01,24.6537,26.5969
1945-11-01,26.2835,26.1837
1945-12-01,26.2734,26.1428
1946-01-01,26.2574,25.2417
1946-02-01,25.4345,26.561
1946-03-01,26.31,25.655
1946-04-01,27.1585,26.8323
1946-05-01,27.5659,27.5829
1946-06-01,26.5522,27.7531
1946-07-01,25.7973,27.6174
1946-08-01,24.8545,26.3272
1946-09-01,25.0322,26.1854
1946-10-01,25.8169,27.0698
1946-11-01,25.8986,26.8802
1946-12-01,26.9379,26.9838
1947-01-01,26.3127,27.1924
1947-02-01,26.5777,26.9626
1947-03-01,27.0941,27.2373
1947-04-01,27.5026,27.2366
1947-05-01,27.9863,27.1258
1947-06-01,27.3687,26.9968
1947-07-01,26.6536,27.0928
1947-08-01,26.0383,27.0345
1947-09-01,26.0489,26.5608
1947-10-01,25.0032,26.4535
1947-11-01,24.8112,26.1448
1947-12-01,26.3648,27.0197
1948-01-01,26.7612,26.1692
1948-02-01,27.0593,27.0637
1948-03-01,26.4077,27.417
1948-04-01,27.7982,28.5826
1948-05-01,28.0517,28.0516
1948-06-01,26.9396,27.7176
1948-07-01,26.0301,27.141
1948-08-01,25.5868,26.6963
1948-09-01,25.3479,26.4924
1948-10-01,25.1785,25.5012
1948-11-01,25.0524,26.055
1948-12-01,25.8659,27.1404
1949-01-01,25.9533,26.264
1949-02-01,25.9882,27.7798
1949-03-01,26.7786,27.1113
1949-04-01,27.3521,27.7308
1949-05-01,26.8909,28.2674
1949-06-01,26.4032,27.5656
1949-07-01,26.1208,27.2121
1949-08-01,25.942,26.6226
1949-09-01,25.8265,25.6453
1949-10-01,25.4528,26.2105
1949-11-01,25.0106,25.7297
1949-12-01,24.523,25.4953
1950-01-01,24.5597,25.679
1950-02-01,25.0685,25.6151
1950-03-01,25.879,26.3739
1950-04-01,26.2885,26.8249
1950-05-01,26.1931,27.2844
1950-06-01,26.4686,27.2165
1950-07-01,26.281,26.5616
1950-08-01,25.879,26.1832
1950-09-01,25.7319,25.4286
1950-10-01,25.6833,25.9005
1950-11-01,25.4634,25.7127
1950-12-01,25.2928,26.1016
1951-01-01,25.2549,25.4751
1951-02-01,25.7248,26.3563
1951-03-01,26.9116,26.5938
1951-04-01,27.5927,27.8368
1951-05-01,27.9265,28.6655
1951-06-01,27.7283,27.9201
1951-07-01,27.592,28.9707
1951-08-01,27.0142,27.7178
1951-09-01,27.2199,27.034
1951-10-01,27.196,27.8073
1951-11-01,27.2517,27.9416
1951-12-01,26.916,28.0154
1952-01-01,26.6747,27.4918
1952-02-01,26.7522,27.6867
1952-03-01,27.1863,27.4121
1952-04-01,27.809,28.6294
1952-05-01,27.7915,27.994
1952-06-01,27.1808,27.292
1952-07-01,26.5252,26.9688
1952-08-01,26.2959,26.5856
1952-09-01,26.3526,26.2011
1952-10-01,26.2534,26.4847
1952-11-01,25.9161,26.5233
1952-12-01,26.2062,26.9373
1953-01-01,26.7382,27.1928
1953-02-01,27.001,27.229
1953-03-01,27.5707,27.6243
1953-04-01,28.0321,28.2277
1953-05-01,28.2752,28.9345
1953-06-01,28.1161,28.1597
1953-07-01,27.4245,27.971
1953-08-01,26.9309,27.3643
1953-09-01,26.9976,27.7199
1953-10-01,26.8678,27.0787
1953-11-01,26.8763,26.5798
1953-12-01,27.0055,26.5575
1954-01-01,26.9767,27.1671
1954-02-01,27.0298,26.7976
1954-03-01,26.9105,27.0061
1954-04-01,26.6496,27.0374
1954-05-01,27.1138,27.1952
1954-06-01,26.7893,27.1506
1954-07-01,26.1038,26.2244
1954-08-01,25.4187,26.1923
1954-09-01,25.1114,25.4367
1954-10-01,25.2246,25.8364
1954-11-01,25.5641,25.6728
1954-12-01,25.2612,25.5097
1955-01-01,25.62,25.3295
1955-02-01,25.8178,25.8889
1955-03-01,26.2303,26.5819
1955-04-01,26.6098,26.5067
1955-05-01,26.6546,27.2203
1955-06-01,26.5424,26.6188
1955-07-01,26.139,26.4932
1955-08-01,25.503,25.8485
1955-09-01,25.2767,25.2504
1955-10-01,24.4081,24.4802
1955-11-01,24.2518,24.4729
1955-12-01,24.5693,24.7115
1956-01-01,25.3438,25.5781
1956-02-01,25.775,25.614
1956-03-01,26.4674,26.319
1956-04-01,26.8573,27.1513
1956-05-01,27.1303,26.5901
1956-06-01,26.8088,26.7574
1956-07-01,26.2233,26.4767
1956-08-01,25.6715,26.0911
1956-09-01,25.7231,25.7962
1956-10-01,25.7421,25.6184
1956-11-01,25.559,25.6931
1956-12-01,25.7056,25.7605
1957-01-01,26.0394,26.0225
1957-02-01,26.5391,26.591
1957-03-01,27.4583,27.7799
1957-04-01,28.2288,28.0421
1957-05-01,28.5378,29.3719
1957-06-01,28.3451,28.7414
1957-07-01,28.1464,28.2398
1957-08-01,27.6806,27.7211
1957-09-01,27.4219,27.6787
1957-10-01,27.4065,27.5235
1957-11-01,27.6149,27.5709
1957-12-01,27.8916,27.4177
1958-01-01,28.3164,28.3685
1958-02-01,28.2387,27.9313
1958-03-01,28.2676,28.156
1958-04-01,28.2761,28.2391
1958-05-01,28.3035,28.649
1958-06-01,27.9828,28.1452
1958-07-01,27.3141,27.689
1958-08-01,26.8442,26.9133
1958-09-01,26.3968,25.9135
1958-10-01,26.4456,26.6293
1958-11-01,26.7495,26.6601
1958-12-01,26.6146,26.3898
1959-01-01,27.07,27.1926
1959-02-01,27.1803,27.2613
1959-03-01,27.4706,27.9117
1959-04-01,27.8783,28.2248
1959-05-01,27.6947,28.658
1959-06-01,27.3625,28.0974
1959-07-01,26.4312,27.055
1959-08-01,26.0871,26.9667
1959-09-01,25.9195,25.946
1959-10-01,26.238,26.8313
1959-11-01,26.0419,26.0497
1959-12-01,26.1784,26.5282
1960-01-01,26.2633,26.7896
1960-02-01,26.2926,26.4423
1960-03-01,26.989,27.5058
1960-04-01,27.4884,27.5872
1960-05-01,27.6777,27.9144
1960-06-01,27.2329,27.5896
1960-07-01,26.8733,27.327
1960-08-01,26.688,26.6746
1960-09-01,26.4268,26.4482
1960-10-01,26.2138,26.5927
1960-11-01,26.2465,26.2301
1960-12-01,26.219,26.4275
1961-01-01,26.2322,26.8459
1961-02-01,26.5588,26.9695
1961-03-01,26.9422,27.0569
1961-04-01,27.3686,27.039
1961-05-01,27.7465,28.0255
1961-06-01,27.656,27.2095
1961-07-01,26.8703,27.0489
1961-08-01,26.1779,26.7034
1961-09-01,25.7752,25.9652
1961-10-01,25.7034,26.0389
1961-11-01,26.0648,26.1135
1961-12-01,25.9759,26.3823
1962-01-01,25.9634,25.6119
1962-02-01,26.1963,26.3304
1962-03-01,26.8084,26.2052
1962-04-01,27.1331,26.9415
1962-05-01,27.0496,27.4372
1962-06-01,27.0756,27.0349
1962-07-01,26.7528,26.3821
1962-08-01,26.3211,26.5357
1962-09-01,25.9316,25.4773
1962-10-01,25.9631,26.1862
1962-11-01,25.7514,25.9767
1962-12-01,25.67,25.7828
1963-01-01,25.7714,25.7171
1963-02-01,26.2296,25.4855
1963-03-01,27.1824,26.4079
1963-04-01,27.7866,27.0272
1963-05-01,27.6306,27.2252
1963-06-01,27.6112,27.5129
1963-07-01,27.7719,27.6986
1963-08-01,27.4675,27.294
1963-09-01,27.3897,26.3782
1963-10-01,27.3525,27.3071
1963-11-01,27.4606,27.5801
1963-12-01,27.6087,27.215
1964-01-01,27.332,27.0162
1964-02-01,27.1312,27.2087
1964-03-01,27.0224,26.3755
1964-04-01,26.9476,27.1599
1964-05-01,26.8162,27.2648
1964-06-01,26.5808,26.4876
1964-07-01,26.3281,26.3067
1964-08-01,25.585,25.918
1964-09-01,25.3154,24.8801
1964-10-01,25.3624,25.5722
1964-11-01,25.2552,25.7279
1964-12-01,25.2205,25.3976
1965-01-01,25.6571,25.7403
1965-02-01,26.2023,26.2791
1965-03-01,26.951,26.8537
1965-04-01,27.3836,28.1914
1965-05-01,27.9893,28.9594
1965-06-01,28.0843,28.3997
1965-07-01,27.8925,27.914
1965-08-01,27.9569,28.1175
1965-09-01,27.9961,27.2801
1965-10-01,28.1527,28.6699
1965-11-01,28.1069,28.2272
1965-12-01,27.9471,27.9259
1966-01-01,27.6644,27.8871
1966-02-01,27.5538,27.8293
1966-03-01,28.2128,28.5475
1966-04-01,28.1607,28.3688
1966-05-01,27.5479,28.2239
1966-06-01,27.6335,27.9772
1966-07-01,27.3202,27.9531
1966-08-01,26.4792,27.1338
1966-09-01,26.2689,26.6322
1966-10-01,26.2233,27.1343
1966-11-01,26.2272,26.693
1966-12-01,26.0226,26.832
1967-01-01,25.878,26.2948
1967-02-01,26.1192,26.216
1967-03-01,26.5103,26.8617
1967-04-01,26.7482,27.8596
1967-05-01,27.3512,28.0182
1967-06-01,27.4643,27.9805
1967-07-01,26.9596,27.3701
1967-08-01,26.4267,26.5298
1967-09-01,25.8492,26.4326
1967-10-01,25.9652,26.0467
1967-11-01,26.0751,26.7491
1967-12-01,25.9464,25.979
1968-01-01,25.6916,25.8067
1968-02-01,25.6934,26.0943
1968-03-01,26.3407,25.7178
1968-04-01,27.1036,27.4745
1968-05-01,27.1885,27.5451
1968-06-01,27.8691,27.1365
1968-07-01,27.5651,27.3691
1968-08-01,27.004,27.287
1968-09-01,26.7192,26.9184
1968-10-01,26.7473,27.8142
1968-11-01,27.1973,27.8758
1968-12-01,27.2659,28.102
1969-01-01,27.4984,27.6063
1969-02-01,27.8619,28.0492
1969-03-01,27.8301,28.0006
1969-04-01,28.1376,28.3855
1969-05-01,28.2901,28.819
1969-06-01,27.6947,28.5634
1969-07-01,27.0803,27.3884
1969-08-01,27.0172,27.1301
1969-09-01,27.1487,26.2116
1969-10-01,27.3398,26.6436
1969-11-01,27.1086,27.0352
1969-12-01,26.9837,26.5124
1970-01-01,26.8363,26.3587
1970-02-01,26.9622,26.642
1970-03-01,27.153,26.7458
1970-04-01,27.7471,27.6728
1970-05-01,27.6314,27.6113
1970-06-01,27.0347,27.4668
1970-07-01,26.205,26.3963
1970-08-01,25.5934,25.7129
1970-09-01,25.6377,25.5521
1970-10-01,25.5929,25.6288
1970-11-01,25.5666,25.3115
1970-12-01,25.2693,24.8878
1971-01-01,24.8204,25.1348
1971-02-01,25.1957,24.8286
1971-03-01,25.9335,25.3103
1971-04-01,26.64,26.6223
1971-05-01,26.953,26.8627
1971-06-01,26.5964,26.2124
1971-07-01,26.1219,26.9294
1971-08-01,25.7445,26.5232
1971-09-01,25.7085,25.5981
1971-10-01,25.4655,25.2741
1971-11-01,25.5522,25.6493
1971-12-01,25.3697,25.3725
1972-01-01,25.6319,25.6987
1972-02-01,26.3101,26.4801
1972-03-01,27.0945,26.8235
1972-04-01,27.8974,28.255
1972-05-01,28.3119,28.4799
1972-06-01,28.1803,28.5661
1972-07-01,28.1352,28.6863
1972-08-01,27.9405,28.8879
1972-09-01,27.9388,28.4901
1972-10-01,28.2546,28.6232
1972-11-01,28.5962,28.3572
1972-12-01,28.6793,28.6028
1973-01-01,28.3334,28.4158
1973-02-01,27.9499,27.8985
1973-03-01,27.5563,27.9439
1973-04-01,27.2501,27.3788
1973-05-01,26.9672,28.2035
1973-06-01,26.5479,27.098
1973-07-01,25.7565,27.4501
1973-08-01,25.2257,26.1352
1973-09-01,25.0624,25.3565
1973-10-01,24.7359,25.0065
1973-11-01,24.3403,25.5647
1973-12-01,24.3407,24.6946
1974-01-01,24.4652,24.5506
1974-02-01,25.1124,24.8908
1974-03-01,25.8568,25.9937
1974-04-01,26.4758,26.7534
1974-05-01,26.6458,27.3337
1974-06-01,26.5324,27.0826
1974-07-01,26.392,26.6282
1974-08-01,26.328,26.6869
1974-09-01,26.0695,26.6563
1974-10-01,25.7707,25.4178
1974-11-01,25.6063,26.1432
1974-12-01,25.6252,25.3383
1975-01-01,26.0978,25.6693
1975-02-01,26.0819,26.1476
1975-03-01,26.205,26.6264
1975-04-01,26.8696,27.0064
1975-05-01,26.8019,26.6418
1975-06-01,26.2341,26.6433
1975-07-01,25.9013,26.121
1975-08-01,25.3353,25.9793
1975-09-01,25.0541,24.9918
1975-10-01,24.8858,24.7008
1975-11-01,25.0461,25.2251
1975-12-01,24.6705,24.6424
1976-01-01,24.5423,24.1714
1976-02-01,25.4932,25.1943
1976-03-01,26.4639,25.8703
1976-04-01,26.8914,27.1185
1976-05-01,27.2001,27.6101
1976-06-01,27.347,27.631
1976-07-01,27.1209,28.1297
1976-08-01,26.9759,26.7942
1976-09-01,27.0158,26.9734
1976-10-01,27.4601,26.9519
1976-11-01,27.4071,27.4158
1976-12-01,27.0839,26.2126
1977-01-01,27.3209,27.2518
1977-02-01,27.1328,27.1024
1977-03-01,27.4791,26.8148
1977-04-01,27.4469,26.7622
1977-05-01,27.7213,27.6208
1977-06-01,27.7377,27.5415
1977-07-01,27.3766,27.4757
1977-08-01,26.8442,26.6047
1977-09-01,27.1127,27.0081
1977-10-01,27.3357,26.7131
1977-11-01,27.1828,27.1987
1977-12-01,27.2887,26.7704
1978-01-01,27.1655,27.5423
1978-02-01,27.0095,27.2458
1978-03-01,27.0981,26.7189
1978-04-01,27.1205,27.0716
1978-05-01,27.1983,27.0798
1978-06-01,27.0179,26.8715
1978-07-01,26.7355,27.5168
1978-08-01,26.0656,26.8462
1978-09-01,26.0103,26.52
1978-10-01,26.2482,26.2854
1978-11-01,26.324,26.3448
1978-12-01,26.5406,26.4146
1979-01-01,26.4169,26.5515
1979-02-01,26.5435,26.5895
1979-03-01,27.276,27.2278
1979-04-01,27.8408,27.5794
1979-05-01,27.6933,28.0272
1979-06-01,27.4334,27.5995
1979-07-01,26.825,26.7959
1979-08-01,26.7517,27.3169
1979-09-01,26.9906,27.1188
1979-10-01,26.8309,26.7806
1979-11-01,26.992,27.2284
1979-12-01,27.1141,27.2473
1980-01-01,27.088,27.2631
1980-02-01,26.98,27.1148
1980-03-01,27.3164,26.8602
1980-04-01,27.7592,28.1392
1980-05-01,28.0155,27.7938
1980-06-01,27.9387,27.5603
1980-07-01,27.2307,26.5404
1980-08-01,26.4778,26.1096
1980-09-01,26.4409,26.5212
1980-10-01,26.4612,26.4335
1980-11-01,26.6019,26.3042
1980-12-01,26.6462,26.5254
1981-01-01,26.1886,25.6555
1981-02-01,26.1238,25.6451
1981-03-01,26.6596,26.5534
1981-04-01,27.2969,27.2281
1981-05-01,27.3615,27.0666
1981-06-01,27.2655,26.7525
1981-07-01,26.6509,26.7345
1981-08-01,26.321,26.2088
1981-09-01,26.5213,26.4666
1981-10-01,26.4169,26.0474
1981-11-01,26.2928,26.2458
1981-12-01,26.4024,26.282
1982-01-01,26.6784,26.0652
1982-02-01,26.5995,26.5285
1982-03-01,27.4234,27.1146
1982-04-01,28.0342,28.2664
1982-05-01,28.386,28.3628
1982-06-01,28.2561,28.5038
1982-07-01,27.658,28.1444
1982-08-01,27.5763,28.0659
1982-09-01,28.2046,28.2947
1982-10-01,28.6933,29.0291
1982-11-01,28.6137,29.1306
1982-12-01,28.7897,29.2108
1983-01-01,28.8834,28.9486
1983-02-01,28.6882,28.6984
1983-03-01,28.6653,28.8129
1983-04-01,28.774,28.916
1983-05-01,28.8393,28.7067
1983-06-01,28.2768,28.3472
1983-07-01,27.1902,27.0203
1983-08-01,26.5976,26.2873
1983-09-01,26.2039,26.5636
1983-10-01,25.5708,26.1659
1983-11-01,25.4199,25.5101
1983-12-01,25.5757,25.5546
1984-01-01,25.8789,25.9659
1984-02-01,26.5697,26.2938
1984-03-01,26.7767,26.2157
1984-04-01,27.1455,27.5072
1984-05-01,27.1989,27.3169
1984-06-01,26.825,26.6748
1984-07-01,26.7818,26.6881
1984-08-01,26.6039,26.5997
1984-09-01,26.3758,26.463
1984-10-01,26.0388,26.1685
1984-11-01,25.5189,25.0948
1984-12-01,25.2605,24.906
1985-01-01,25.3928,25.534
1985-02-01,26.0369,25.526
1985-03-01,26.5039,26.4911
1985-04-01,26.6529,26.8217
1985-05-01,26.9083,26.7523
1985-06-01,26.8116,27.0905
1985-07-01,26.5496,26.4763
1985-08-01,26.294,26.3393
1985-09-01,26.0162,26.113
1985-10-01,26.2276,26.0695
1985-11-01,26.3261,26.0293
1985-12-01,26.1922,25.9668
1986-01-01,25.8928,25.5242
1986-02-01,26.0652,25.9074
1986-03-01,26.882,26.6085
1986-04-01,27.494,27.4015
1986-05-01,27.4082,27.3504
1986-06-01,27.4246,27.7121
1986-07-01,27.178,27.2304
1986-08-01,27.1691,27.2418
1986-09-01,27.2401,27.1965
1986-10-01,27.5147,27.5953
1986-11-01,27.7047,27.8777
1986-12-01,27.7143,27.7338
1987-01-01,27.6762,27.8591
1987-02-01,27.8896,27.7195
1987-03-01,28.2723,28.4939
1987-04-01,28.3998,28.5004
1987-05-01,28.5583,28.5927
1987-06-01,28.642,28.9221
1987-07-01,28.5785,28.7792
1987-08-01,28.4134,28.6396
1987-09-01,28.3582,28.3772
1987-10-01,27.9525,28.0728
1987-11-01,27.7726,27.5758
1987-12-01,27.5432,27.4731
1988-01-01,27.4514,27.2972
1988-02-01,27.0371,27.1373
1988-03-01,27.3884,27.2636
1988-04-01,27.3811,27.4873
1988-05-01,26.6848,26.5474
1988-06-01,25.9902,26.2065
1988-07-01,25.5565,25.4627
1988-08-01,25.665,25.3844
1988-09-01,25.7171,25.1092
1988-10-01,24.8244,24.3593
1988-11-01,24.6571,24.3232
1988-12-01,24.6398,24.3923
1989-01-01,24.5909,24.5269
1989-02-01,25.2923,25.324
1989-03-01,26.0861,25.8964
1989-04-01,26.7523,26.4298
1989-05-01,27.0663,26.9569
1989-06-01,27.1431,27.1877
1989-07-01,26.7152,26.7868
1989-08-01,26.3237,26.204
1989-09-01,26.4137,26.0506
1989-10-01,26.315,26.0765
1989-11-01,26.2498,26.3574
1989-12-01,26.4646,26.1558
1990-01-01,26.5637,26.3693
1990-02-01,26.9757,26.7594
1990-03-01,27.339,26.8069
1990-04-01,27.9041,27.9927
1990-05-01,28.0182,28.1255
1990-06-01,27.6453,27.7943
1990-07-01,27.3818,27.3453
1990-08-01,27.0745,27.1358
1990-09-01,26.9376,26.9292
1990-10-01,26.9336,26.9261
1990-11-01,26.8104,26.537
1990-12-01,26.958,26.6094
1991-01-01,27.0387,27.1323
1991-02-01,27.0788,26.9504
1991-03-01,27.3312,27.2439
1991-04-01,28.0159,28.0462
1991-05-01,28.2044,28.4695
1991-06-01,28.249,28.4949
1991-07-01,28.0517,27.461
1991-08-01,27.5279,27.152
1991-09-01,27.1373,27.1379
1991-10-01,27.5756,27.5419
1991-11-01,27.8927,27.8924
1991-12-01,28.276,28.2626
1992-01-01,28.3702,28.263
1992-02-01,28.5257,28.5153
1992-03-01,28.6613,28.4822
1992-04-01,29.0155,28.8682
1992-05-01,28.9686,28.6769
1992-06-01,28.3014,28.0652
1992-07-01,27.5135,27.5672
1992-08-01,26.9082,26.6757
1992-09-01,26.6552,26.7389
1992-10-01,26.4191,26.2226
1992-11-01,26.4208,26.612
1992-12-01,26.4483,26.8431
1993-01-01,26.6966,26.9592
1993-02-01,27.1725,26.8172
1993-03-01,27.6791,27.5512
1993-04-01,28.4116,28.4897
1993-05-01,28.7094,28.8262
1993-06-01,28.0804,28.3935
1993-07-01,27.5149,27.7939
1993-08-01,26.9854,26.9224
1993-09-01,27.0691,27.0095
1993-10-01,26.7754,27.0877
1993-11-01,26.7097,27.0365
1993-12-01,26.7609,26.7633
1994-01-01,26.6478,26.5525
1994-02-01,26.818,26.7337
1994-03-01,27.3932,27.2663
1994-04-01,28.0783,27.6438
1994-05-01,28.2371,27.7994
1994-06-01,28.0385,27.8775
1994-07-01,27.5357,27.2503
1994-08-01,27.3792,27.5264
1994-09-01,27.1911,26.81
1994-10-01,27.4708,27.5179
1994-11-01,27.8119,28.0057
1994-12-01,27.8514,27.7256
1995-01-01,27.57,27.3619
1995-02-01,27.4946,27.2458
1995-03-01,27.7575,27.374
1995-04-01,28.1066,28.0923
1995-05-01,27.8262,27.5484
1995-06-01,27.5882,27.6027
1995-07-01,27.0817,27.0688
1995-08-01,26.2301,26.275
1995-09-01,25.8814,25.8214
1995-10-01,25.8443,25.7097
1995-11-01,25.605,25.4815
1995-12-01,25.661,25.3277
1996-01-01,25.6983,25.6838
1996-02-01,25.9048,25.7445
1996-03-01,26.6877,26.6001
1996-04-01,27.3593,27.2924
1996-05-01,27.5523,26.9785
1996-06-01,27.2915,26.9854
1996-07-01,26.8532,27.0045
1996-08-01,26.6367,26.5796
1996-09-01,26.2708,26.3268
1996-10-01,26.2731,26.432
1996-11-01,26.2909,26.4868
1996-12-01,25.9573,25.889
1997-01-01,26.022,25.7853
1997-02-01,26.391,26.3136
1997-03-01,27.0495,26.7181
1997-04-01,27.9865,27.9363
1997-05-01,28.5756,28.4739
1997-06-01,28.8143,28.857
1997-07-01,28.8465,29.0565
1997-08-01,28.7414,28.8939
1997-09-01,28.842,28.8519
1997-10-01,29.0711,29.3555
1997-11-01,29.108,29.5249
1997-12-01,28.8852,29.4688
1998-01-01,28.9253,29.1907
1998-02-01,28.7865,28.8904
1998-03-01,28.6287,28.7282
1998-04-01,28.6127,28.537
1998-05-01,28.5164,28.3257
1998-06-01,27.35,26.7613
1998-07-01,26.3168,25.6828
1998-08-01,25.5881,25.318
1998-09-01,25.4687,25.4901
1998-10-01,25.2589,25.4588
1998-11-01,25.2461,24.8854
1998-12-01,24.9206,24.5784
1999-01-01,24.8695,24.8611
1999-02-01,25.4435,24.9922
1999-03-01,26.3423,26.2321
1999-04-01,26.7119,26.8095
1999-05-01,26.7948,26.9786
1999-06-01,26.542,26.5855
1999-07-01,26.1285,26.4779
1999-08-01,25.639,25.7416
1999-09-01,25.6307,25.4665
1999-10-01,25.4811,25.7744
1999-11-01,25.125,25.2413
1999-12-01,24.8674,24.6632
2000-01-01,24.7924,24.6064
2000-02-01,25.2255,25.1867
2000-03-01,26.3107,26.0363
2000-04-01,26.9636,27.1253
2000-05-01,27.0777,27.2936
2000-06-01,26.9484,27.0783
2000-07-01,26.627,26.7196
2000-08-01,26.3678,26.4302
2000-09-01,26.2036,26.2692
2000-10-01,26.0226,26.1445
2000-11-01,25.9174,25.921
2000-12-01,25.688,25.7468
2001-01-01,25.823,26.0029
2001-02-01,26.1351,26.1075
2001-03-01,26.8169,26.8889
2001-04-01,27.3385,27.7028
2001-05-01,27.6052,27.6123
2001-06-01,27.5385,27.7194
2001-07-01,27.2518,27.5577
2001-08-01,26.8032,26.74
2001-09-01,26.518,26.4086
2001-10-01,26.5738,26.5586
2001-11-01,26.3373,26.364
2001-12-01,26.1959,26.1175
2002-01-01,26.4019,26.4432
2002-02-01,26.7227,26.933
2002-03-01,27.3018,27.3612
2002-04-01,27.8493,27.8549
2002-05-01,28.2436,27.9218
2002-06-01,28.4417,28.494
2002-07-01,28.0294,28.0127
2002-08-01,27.7203,27.7287
2002-09-01,27.805,27.7755
2002-10-01,27.9563,27.9825
2002-11-01,28.1611,28.2734
2002-12-01,27.9683,28.023
2003-01-01,27.1555,27.7151
2003-02-01,27.4024,27.4145
2003-03-01,27.6576,27.9541
2003-04-01,27.6864,27.79
2003-05-01,27.3251,27.2491
2003-06-01,27.4427,27.536
2003-07-01,27.4967,27.3594
2003-08-01,27.1091,26.8185
2003-09-01,26.9838,26.7473
2003-10-01,27.139,27.0213
2003-11-01,27.0416,26.8322
2003-12-01,27.0384,26.875
2004-01-01,26.8274,26.6943
2004-02-01,26.9986,26.7586
2004-03-01,27.4127,27.1126
2004-04-01,27.8916,27.8049
2004-05-01,27.9883,27.9319
2004-06-01,27.8524,27.7557
2004-07-01,27.7682,27.6872
2004-08-01,27.6039,27.4052
2004-09-01,27.5223,27.4182
2004-10-01,27.439,27.2822
2004-11-01,27.3603,27.4309
2004-12-01,27.3424,27.2535
2005-01-01,27.2103,27.0504
2005-02-01,27.1216,26.8512
2005-03-01,27.7391,27.5868
2005-04-01,28.0854,27.6635
2005-05-01,28.2389,28.056
2005-06-01,27.774,28.0371
2005-07-01,27.0662,27.6509
2005-08-01,26.8046,26.829
2005-09-01,26.6839,26.4168
2005-10-01,26.6516,26.6786
2005-11-01,26.1103,26.2631
2005-12-01,25.6796,25.7098
2006-01-01,25.6407,25.591
2006-02-01,26.0901,26.135
2006-03-01,26.5837,26.3063
2006-04-01,27.5084,27.6736
2006-05-01,27.8464,27.8157
2006-06-01,27.7295,27.921
2006-07-01,27.2981,27.4602
2006-08-01,27.162,27.146
2006-09-01,27.3195,27.4124
2006-10-01,27.4174,27.649
2006-11-01,27.6957,27.8381
2006-12-01,27.7412,27.6821
2007-01-01,27.2534,27.1682
2007-02-01,26.896,26.9304
2007-03-01,27.119,27.1432
2007-04-01,27.5123,27.6918
2007-05-01,27.4645,27.2703
2007-06-01,27.3729,27.8386
2007-07-01,26.704,26.9393
2007-08-01,26.1343,26.3898
2007-09-01,25.6072,25.7459
2007-10-01,25.329,24.9629
2007-11-01,25.1724,25.0813
2007-12-01,25.0225,24.7211
2008-01-01,24.8732,24.6675
2008-02-01,25.0997,24.6527
2008-03-01,26.0872,25.9405
2008-04-01,26.837,26.7726
2008-05-01,27.0927,27.1038
2008-06-01,27.0448,27.1075
2008-07-01,26.9929,27.2184
2008-08-01,26.7241,26.8768
2008-09-01,26.4659,26.4848
2008-10-01,26.368,26.3634
2008-11-01,26.2458,26.295
2008-12-01,25.7431,25.6585
2009-01-01,25.6652,25.4345
2009-02-01,25.9734,26.0928
2009-03-01,26.5989,26.501
2009-04-01,27.476,27.5046
2009-05-01,27.9931,28.1038
2009-06-01,28.0427,28.1075
2009-07-01,27.7742,27.8597
2009-08-01,27.4182,27.4437
2009-09-01,27.3999,27.4526
2009-10-01,27.6056,27.3901
2009-11-01,28.1538,28.2263
2009-12-01,28.3337,28.0558
2010-01-01,28.0645,28.1465
2010-02-01,28.0136,27.8661
2010-03-01,28.1922,28.2481
2010-04-01,28.2128,28.4608
2010-05-01,27.7215,27.589
2010-06-01,27.0446,26.9362
2010-07-01,26.2251,26.1397
2010-08-01,25.4742,25.4961
2010-09-01,25.1276,25.1859
2010-10-01,25.0311,25.0116
2010-11-01,25.0631,25.0236
2010-12-01,24.9988,24.8353
2011-01-01,25.0183,24.7073
2011-02-01,25.6635,25.4783
2011-03-01,26.3835,26.2679
2011-04-01,27.0716,27.131
2011-05-01,27.4194,27.5285
2011-06-01,27.3542,27.4621
2011-07-01,26.872,27.0312
2011-08-01,26.2167,26.0966
2011-09-01,25.9242,25.9117
2011-10-01,25.6731,25.8304
2011-11-01,25.5266,25.3779
2011-12-01,25.5462,25.5654
2012-01-01,25.6855,25.4788
2012-02-01,26.0904,26.1746
2012-03-01,26.6828,26.5894
2012-04-01,27.3267,27.3534
2012-05-01,27.615,27.597
2012-06-01,27.7488,27.8167
2012-07-01,27.5387,27.4358
2012-08-01,27.3174,27.6869
2012-09-01,27.0951,26.8225
2012-10-01,26.9765,27.0249
2012-11-01,26.8559,26.9122
2012-12-01,26.3443,26.2089
2013-01-01,26.0325,25.9008
2013-02-01,26.2537,26.4881
2013-03-01,27.0447,27.1546
2013-04-01,27.5783,27.6277
2013-05-01,27.5363,27.3657
2013-06-01,27.2995,27.3848
2013-07-01,26.9004,26.7755
2013-08-01,26.4739,26.5514
2013-09-01,26.5375,26.7064
2013-10-01,26.5172,26.3406
2013-11-01,26.5624,26.7605
2013-12-01,26.4396,26.4177
2014-01-01,26.0464,26.0677
2014-02-01,26.138,26.2366
2014-03-01,27.0112,27.0375
2014-04-01,27.9041,27.8601
2014-05-01,28.2428,28.1356
2014-06-01,27.9448,28.0118
2014-07-01,27.2197,27.3562
2014-08-01,26.82,26.9749
2014-09-01,26.9958,27.2486
2014-10-01,27.1484,27.2158
2014-11-01,27.4457,27.4673
2014-12-01,27.3079,27.3522
2015-01-01,27.0658,27.0229
2015-02-01,27.1976,27.1146
2015-03-01,27.7749,27.6314
2015-04-01,28.5239,28.6601
2015-05-01,28.8545,28.7904
2015-06-01,28.9045,28.6947
2015-07-01,28.7446,28.7995
2015-08-01,28.7769,28.7687
2015-09-01,28.9152,28.824
2015-10-01,29.073,29.0038
2015-11-01,29.4149,29.513
2015-12-01,29.2565,29.326
2016-01-01,29.1177,28.8563
2016-02-01,29.0121,28.6626
2016-03-01,28.9166,28.7023
2016-04-01,28.7333,28.8315
2016-05-01,28.25,28.2902
2016-06-01,27.7122,27.8878
2016-07-01,26.8279,26.936
2016-08-01,26.2918,26.4977
2016-09-01,26.1567,26.1597
2016-10-01,25.9887,26.1773
2016-11-01,25.9548,26.2733
2016-12-01,26.1022,26.2166
2017-01-01,26.1348,26.2736
2017-02-01,26.6821,26.9033
2017-03-01,27.3275,27.3177
2017-04-01,28.0318,27.9967
2017-05-01,28.2914,28.336
2017-06-01,28.0631,28.1733
2017-07-01,27.5517,27.7709
2017-08-01,26.7049,26.7025
2017-09-01,26.2907,26.3168
2017-10-01,26.1548,26.1839
2017-11-01,25.746,25.9908
2017-12-01,25.6128,25.6378
2018-01-01,25.5745,25.8591
2018-02-01,25.9847,25.9372
2018-03-01,26.4982,26.4728
2018-04-01,27.3223,27.2511
2018-05-01,27.741,27.7148
2018-06-01,27.7878,27.8603
2018-07-01,27.4357,27.6089
2018-08-01,26.9678,27.0662
2018-09-01,27.2045,26.9428
2018-10-01,27.633,27.4277
2018-11-01,27.6245,27.373
2018-12-01,27.4968,27.3102
2019-01-01,27.2111,27.1307
2019-02-01,27.4875,27.3382
2019-03-01,28.1104,28.0017
2019-04-01,28.4568,28.5044
2019-05-01,28.4995,28.4926
2019-06-01,28.1894,28.335
2019-07-01,27.654,27.7282
2019-08-01,26.9101,26.799
2019-09-01,26.7645,26.3898
2019-10-01,27.2139,27.206
2019-11-01,27.2378,27.2332
2019-12-01,27.1292,27.018
2020-01-01,27.1595,26.9619
2020-02-01,27.1353,26.9977
2020-03-01,27.7768,27.6198
2020-04-01,28.1913,28.2504
2020-05-01,27.6645,27.4949
2020-06-01,27.3932,27.1299
2020-07-01,26.9973,27.0805
2020-08-01,26.272,26.3362
2020-09-01,25.8929,25.8549
2020-10-01,25.4685,25.4381
2020-11-01,25.2897,25.4642
2020-12-01,25.4529,25.5029
2021-01-01,25.5542,25.4204
2021-02-01,25.7606,25.9496
2021-03-01,26.4953,26.6671
2021-04-01,27.1067,27.2872
2021-05-01,27.4749,27.547
2021-06-01,27.4457,27.6108
2021-07-01,26.9001,27.1257
2021-08-01,26.3207,26.432
2021-09-01,26.1619,26.2413
2021-10-01,25.7734,25.6859
2021-11-01,25.7566,25.7545
2021-12-01,25.5358,25.5596
2022-01-01,25.6008,25.6792
2022-02-01,25.8686,25.9312
2022-03-01,26.3166,26.1065
2022-04-01,26.7073,26.7151
2022-05-01,26.818,26.7146
2022-06-01,26.9688,27.0174
2022-07-01,26.5869,26.6496
2022-08-01,25.8753,25.8281
2022-09-01,25.6399,25.7561
2022-10-01,25.7181,25.7769
2022-11-01,25.7931,25.6445
2022-12-01,25.7425,25.642
2023-01-01,25.835,25.8863
2023-02-01,26.3033,26.1648
2023-03-01,27.1842,27.363
2023-04-01,27.9617,27.9863
2023-05-01,28.3963,28.4666
2023-06-01,28.5638,28.582
2023-07-01,28.314,28.4002
2023-08-01,28.205,28.2253
2023-09-01,28.317,28.3131
2023-10-01,28.4381,28.3892
2023-11-01,28.7275,28.3945
2023-12-01,28.6332,28.5555
2024-01-01,28.3673,28.3345
2024-02-01,28.2855,28.2554
2024-03-01,28.4246,28.291
2024-04-01,28.6096,28.5124
2024-05-01,28.1772,28.2008
2024-06-01,27.9126,27.9603
2024-07-01,27.3496,27.4516
2024-08-01,26.747,26.8437
2024-09-01,26.4696,26.2944
2024-10-01,26.4593,26.2541
2024-11-01,26.4676,26.5489
2024-12-01,26.0159,25.8106
2025-01-01,25.8158,25.8692
2025-02-01,26.3333,26.2892
2025-03-01,27.3026,27.3815
2025-04-01,27.6854,27.7041
2025-05-01,27.8031,27.8211
2025-06-01,27.662,27.6754
2025-07-01,27.151,27.0917
2025-08-01,26.493,26.5244
2025-09-01,26.2474,26.2418
2025-10-01,26.2174,26.2212
2025-11-01,26.007,25.9883
2025-12-01,25.929,25.8573
2026-01-01,25.971,25.9236
2026-02-01,26.4934,26.4493
2026-03-01,27.2854,27.1528
2026-04-01,28.1261,28.2312
2026-05-01,28.761,28.9201
